{
  "scopeName": "visualforce.text.html.basic",
  "fileTypes": [
    "component",
    "page"
  ],
  "firstLineMatch": "<(?i:(!DOCTYPE\\s*)?html)",
  "injections": {
    "R:text.html - comment.block": {
      "comment": "Use R: to ensure this matches after any other injections.",
      "patterns": [
        {
          "match": "<",
          "name": "invalid.illegal.bad-angle-bracket.html"
        }
      ]
    }
  },
  "name": "Visualforce",
  "patterns": [
    {
      "begin": "(<)([a-zA-Z0-9:]++)(?=[^>]*></\\2>)",
      "beginCaptures": {
        "1": {
          "name": "punctuation.definition.tag.html"
        },
        "2": {
          "name": "entity.name.tag.html"
        }
      },
      "end": "(>(<)/)(\\2)(>)",
      "endCaptures": {
        "1": {
          "name": "punctuation.definition.tag.html"
        },
        "2": {
          "name": "meta.scope.between-tag-pair.html"
        },
        "3": {
          "name": "entity.name.tag.html"
        },
        "4": {
          "name": "punctuation.definition.tag.html"
        }
      },
      "name": "meta.tag.any.html",
      "patterns": [
        {
          "include": "#tag-stuff"
        }
      ]
    },
    {
      "begin": "(<\\?)(xml)",
      "captures": {
        "1": {
          "name": "punctuation.definition.tag.html"
        },
        "2": {
          "name": "entity.name.tag.xml.html"
        }
      },
      "end": "(\\?>)",
      "name": "meta.tag.preprocessor.xml.html",
      "patterns": [
        {
          "include": "#tag-generic-attribute"
        },
        {
          "include": "#string-double-quoted"
        },
        {
          "include": "#string-single-quoted"
        }
      ]
    },
    {
      "begin": "<!--",
      "captures": {
        "0": {
          "name": "punctuation.definition.comment.html"
        }
      },
      "end": "--\\s*>",
      "name": "comment.block.html",
      "patterns": [
        {
          "match": "--",
          "name": "invalid.illegal.bad-comments-or-CDATA.html"
        },
        {
          "include": "#embedded-code"
        }
      ]
    },
    {
      "begin": "<!",
      "captures": {
        "0": {
          "name": "punctuation.definition.tag.html"
        }
      },
      "end": ">",
      "name": "meta.tag.sgml.html",
      "patterns": [
        {
          "begin": "(?i:DOCTYPE)",
          "captures": {
            "1": {
              "name": "entity.name.tag.doctype.html"
            }
          },
          "end": "(?=>)",
          "name": "meta.tag.sgml.doctype.html",
          "patterns": [
            {
              "match": "\"[^\">]*\"",
              "name": "string.quoted.double.doctype.identifiers-and-DTDs.html"
            }
          ]
        },
        {
          "begin": "\\[CDATA\\[",
          "end": "]](?=>)",
          "name": "constant.other.inline-data.html"
        },
        {
          "match": "(\\s*)(?!--|>)\\S(\\s*)",
          "name": "invalid.illegal.bad-comments-or-CDATA.html"
        }
      ]
    },
    {
      "include": "#embedded-code"
    },
    {
      "begin": "(?:^\\s+)?(<)((?i:style))\\b(?![^>]*/>)",
      "captures": {
        "1": {
          "name": "punctuation.definition.tag.html"
        },
        "2": {
          "name": "entity.name.tag.style.html"
        },
        "3": {
          "name": "punctuation.definition.tag.html"
        }
      },
      "end": "(</)((?i:style))(>)(?:\\s*\\n)?",
      "name": "source.css.embedded.html",
      "patterns": [
        {
          "include": "#tag-stuff"
        },
        {
          "begin": "(>)",
          "beginCaptures": {
            "1": {
              "name": "punctuation.definition.tag.html"
            }
          },
          "end": "(?=</(?i:style))",
          "patterns": [
            {
              "include": "#embedded-code"
            },
            {
              "include": "source.css"
            }
          ]
        }
      ]
    },
    {
      "begin": "(?:^\\s+)?(<)((?i:script))\\b(?=\\s*type\\s*=\\s*['\"]?text/coffeescript['\"]?)(?![^>]*/>)",
      "beginCaptures": {
        "1": {
          "name": "punctuation.definition.tag.html"
        },
        "2": {
          "name": "entity.name.tag.script.html"
        }
      },
      "end": "(?<=</(script|SCRIPT))(>)(?:\\s*\\n)?",
      "endCaptures": {
        "2": {
          "name": "punctuation.definition.tag.html"
        }
      },
      "name": "source.js.embedded.html",
      "patterns": [
        {
          "include": "#tag-stuff"
        },
        {
          "begin": "(?<!</(?:script|SCRIPT))(>)",
          "captures": {
            "1": {
              "name": "punctuation.definition.tag.html"
            },
            "2": {
              "name": "entity.name.tag.script.html"
            }
          },
          "end": "(</)((?i:script))",
          "patterns": [
            {
              "captures": {
                "1": {
                  "name": "punctuation.definition.comment.coffee"
                }
              },
              "match": "(#).*?((?=</script)|$\\n?)",
              "name": "comment.line.number-sign.coffee"
            },
            {
              "include": "source.coffee"
            }
          ]
        }
      ]
    },
    {
      "begin": "(?:^\\s+)?(<)((?i:script))\\b(?![^>]*/>)",
      "beginCaptures": {
        "1": {
          "name": "punctuation.definition.tag.html"
        },
        "2": {
          "name": "entity.name.tag.script.html"
        }
      },
      "end": "(?<=</(script|SCRIPT))(>)(?:\\s*\\n)?",
      "endCaptures": {
        "2": {
          "name": "punctuation.definition.tag.html"
        }
      },
      "name": "source.js.embedded.html",
      "patterns": [
        {
          "include": "#tag-stuff"
        },
        {
          "begin": "(?<!</(?:script|SCRIPT))(>)",
          "captures": {
            "1": {
              "name": "punctuation.definition.tag.html"
            },
            "2": {
              "name": "entity.name.tag.script.html"
            }
          },
          "end": "(</)((?i:script))",
          "patterns": [
            {
              "captures": {
                "1": {
                  "name": "punctuation.definition.comment.js"
                }
              },
              "match": "(//).*?((?=</script)|$\\n?)",
              "name": "comment.line.double-slash.js"
            },
            {
              "begin": "/\\*",
              "captures": {
                "0": {
                  "name": "punctuation.definition.comment.js"
                }
              },
              "end": "\\*/|(?=</script)",
              "name": "comment.block.js"
            },
            {
              "include": "source.js"
            }
          ]
        }
      ]
    },
    {
      "begin": "(</?)((?i:body|head|html)\\b)",
      "captures": {
        "1": {
          "name": "punctuation.definition.tag.html"
        },
        "2": {
          "name": "entity.name.tag.structure.any.html"
        }
      },
      "end": "(>)",
      "name": "meta.tag.structure.any.html",
      "patterns": [
        {
          "include": "#tag-stuff"
        }
      ]
    },
    {
      "begin": "(</?)((?i:chatter:[a-zA-Z0-9:]+|apex:[a-zA-Z0-9:]+|chatteranswers:[a-zA-Z0-9:]+|flow:[a-zA-Z0-9:]+|ideas:[a-zA-Z0-9:]+|knowledge:[a-zA-Z0-9:]+|liveAgent:[a-zA-Z0-9:]+|messaging:[a-zA-Z0-9:]+|site:[a-zA-Z0-9:]+|social:[a-zA-Z0-9:]+|support:[a-zA-Z0-9:]+|topics:[a-zA-Z0-9:]+)\\b)",
      "beginCaptures": {
        "1": {
          "name": "punctuation.definition.tag.begin.visualforce"
        },
        "2": {
          "name": "entity.name.tag.inline.any.visualforce"
        }
      },
      "end": "(>)",
      "endCaptures": {
        "1": {
          "name": "punctuation.definition.tag.end.html"
        }
      },
      "name": "meta.tag.block.any.html",
      "patterns": [
        {
          "include": "#tag-stuff"
        }
      ]
    },
    {
      "begin": "(</?)((?i:address|blockquote|dd|div|section|article|aside|header|footer|nav|menu|dl|dt|fieldset|form|frame|frameset|h1|h2|h3|h4|h5|h6|iframe|noframes|object|ol|p|ul|applet|center|dir|hr|pre)\\b)",
      "beginCaptures": {
        "1": {
          "name": "punctuation.definition.tag.begin.html"
        },
        "2": {
          "name": "entity.name.tag.block.any.html"
        }
      },
      "end": "(>)",
      "endCaptures": {
        "1": {
          "name": "punctuation.definition.tag.end.visualforce"
        }
      },
      "name": "meta.tag.block.any.html",
      "patterns": [
        {
          "include": "#tag-stuff"
        }
      ]
    },
    {
      "begin": "(</?)((?i:a|abbr|acronym|area|b|base|basefont|bdo|big|br|button|caption|cite|code|col|colgroup|del|dfn|em|font|head|html|i|img|input|ins|isindex|kbd|label|legend|li|link|map|meta|noscript|optgroup|option|param|q|s|samp|script|select|small|span|strike|strong|style|sub|sup|table|tbody|td|textarea|tfoot|th|thead|title|tr|tt|u|var)\\b)",
      "beginCaptures": {
        "1": {
          "name": "punctuation.definition.tag.begin.html"
        },
        "2": {
          "name": "entity.name.tag.inline.any.html"
        }
      },
      "end": "((?: ?/)?>)",
      "endCaptures": {
        "1": {
          "name": "punctuation.definition.tag.end.html"
        }
      },
      "name": "meta.tag.inline.any.html",
      "patterns": [
        {
          "include": "#tag-stuff"
        }
      ]
    },
    {
      "begin": "(</?)([a-zA-Z0-9:]+)",
      "beginCaptures": {
        "1": {
          "name": "punctuation.definition.tag.begin.html"
        },
        "2": {
          "name": "entity.name.tag.other.html"
        }
      },
      "end": "(>)",
      "endCaptures": {
        "1": {
          "name": "punctuation.definition.tag.end.html"
        }
      },
      "name": "meta.tag.other.html",
      "patterns": [
        {
          "include": "#tag-stuff"
        }
      ]
    },
    {
      "include": "#entities"
    },
    {
      "match": "<>",
      "name": "invalid.illegal.incomplete.html"
    }
  ],
  "repository": {
    "embedded-code": {
      "patterns": [
        {
          "include": "#smarty"
        },
        {
          "include": "#python"
        }
      ]
    },
    "entities": {
      "patterns": [
        {
          "captures": {
            "1": {
              "name": "punctuation.definition.entity.html"
            },
            "3": {
              "name": "punctuation.definition.entity.html"
            }
          },
          "match": "(&)([a-zA-Z0-9]+|#[0-9]+|#x[0-9a-fA-F]+)(;)",
          "name": "constant.character.entity.html"
        },
        {
          "match": "&",
          "name": "invalid.illegal.bad-ampersand.html"
        }
      ]
    },
    "python": {
      "begin": "(?:^\\s*)<\\?python(?!.*\\?>)",
      "end": "\\?>(?:\\s*$\\n)?",
      "name": "source.python.embedded.html",
      "patterns": [
        {
          "include": "source.python"
        }
      ]
    },
    "smarty": {
      "patterns": [
        {
          "begin": "(\\{(literal)\\})",
          "captures": {
            "1": {
              "name": "source.smarty.embedded.html"
            },
            "2": {
              "name": "support.function.built-in.smarty"
            }
          },
          "end": "(\\{/(literal)\\})"
        },
        {
          "begin": "{{|{",
          "disabled": 1,
          "end": "}}|}",
          "name": "source.smarty.embedded.html",
          "patterns": [
            {
              "include": "source.smarty"
            }
          ]
        }
      ]
    },
    "string-double-quoted": {
      "begin": "\"",
      "beginCaptures": {
        "0": {
          "name": "punctuation.definition.string.begin.html"
        }
      },
      "end": "\"",
      "endCaptures": {
        "0": {
          "name": "punctuation.definition.string.end.html"
        }
      },
      "name": "string.quoted.double.html",
      "patterns": [
        {
          "include": "#embedded-code"
        },
        {
          "include": "#entities"
        }
      ]
    },
    "string-single-quoted": {
      "begin": "'",
      "beginCaptures": {
        "0": {
          "name": "punctuation.definition.string.begin.html"
        }
      },
      "end": "'",
      "endCaptures": {
        "0": {
          "name": "punctuation.definition.string.end.html"
        }
      },
      "name": "string.quoted.single.html",
      "patterns": [
        {
          "include": "#embedded-code"
        },
        {
          "include": "#entities"
        }
      ]
    },
    "tag-generic-attribute": {
      "match": "(?<=[^=])\\b([a-zA-Z0-9:-]+)",
      "name": "entity.other.attribute-name.html"
    },
    "tag-id-attribute": {
      "begin": "\\b(id)\\b\\s*(=)",
      "captures": {
        "1": {
          "name": "entity.other.attribute-name.id.html"
        },
        "2": {
          "name": "punctuation.separator.key-value.html"
        }
      },
      "end": "(?<='|\")|(?=\\s|>)",
      "name": "meta.attribute-with-value.id.html",
      "patterns": [
        {
          "begin": "\"",
          "beginCaptures": {
            "0": {
              "name": "punctuation.definition.string.begin.html"
            }
          },
          "contentName": "meta.toc-list.id.html",
          "end": "\"",
          "endCaptures": {
            "0": {
              "name": "punctuation.definition.string.end.html"
            }
          },
          "name": "string.quoted.double.html",
          "patterns": [
            {
              "include": "#embedded-code"
            },
            {
              "include": "#entities"
            }
          ]
        },
        {
          "begin": "'",
          "beginCaptures": {
            "0": {
              "name": "punctuation.definition.string.begin.html"
            }
          },
          "contentName": "meta.toc-list.id.html",
          "end": "'",
          "endCaptures": {
            "0": {
              "name": "punctuation.definition.string.end.html"
            }
          },
          "name": "string.quoted.single.html",
          "patterns": [
            {
              "include": "#embedded-code"
            },
            {
              "include": "#entities"
            }
          ]
        },
        {
          "include": "#unquoted-attribute"
        }
      ]
    },
    "tag-stuff": {
      "patterns": [
        {
          "include": "#tag-id-attribute"
        },
        {
          "include": "#tag-generic-attribute"
        },
        {
          "include": "#string-double-quoted"
        },
        {
          "include": "#string-single-quoted"
        },
        {
          "include": "#embedded-code"
        },
        {
          "include": "#unquoted-attribute"
        }
      ]
    },
    "unquoted-attribute": {
      "match": "(?<==)(?:[^\\s<>/'\"]|/(?!>))+",
      "name": "string.unquoted.html"
    }
  }
}